last_updated,title,url
" This page was last edited on 1 January 2021, at 17:28",Kevin Bacon,https://en.wikipedia.org/wiki/Kevin_Bacon
" This page was last edited on 20 March 2020, at 11:35",SixDegrees.org,https://en.wikipedia.org/wiki/SixDegrees.org
" This page was last edited on 26 December 2020, at 21:28",Six Degrees of Kevin Bacon,https://en.wikipedia.org/wiki/Six_Degrees_of_Kevin_Bacon
" This page was last edited on 17 January 2021, at 05:02",Social networking service,https://en.wikipedia.org/wiki/Social_networking_service
" This page was last edited on 21 December 2020, at 21:18",Hollywood Walk of Fame,https://en.wikipedia.org/wiki/Hollywood_Walk_of_Fame
" This page was last edited on 6 January 2021, at 04:16",The Guardian,https://en.wikipedia.org/wiki/The_Guardian
" This page was last edited on 14 January 2021, at 17:20",Academy Awards,https://en.wikipedia.org/wiki/Academy_Award
" This page was last edited on 12 January 2021, at 08:49",Golden Globe Award for Best Actor â€“ Television Series Musical or Comedy,https://en.wikipedia.org/wiki/Golden_Globe_Award_for_Best_Actor_%E2%80%93_Television_Series_Musical_or_Comedy
" This page was last edited on 14 January 2021, at 17:54", (TV series),https://en.wikipedia.org/wiki/I_Love_Dick_(TV_series)
" This page was last edited on 4 January 2021, at 16:32",Primetime Emmy Award,https://en.wikipedia.org/wiki/Primetime_Emmy_Award
" This page was last edited on 2 January 2021, at 16:21",Screen Actors Guild Awards,https://en.wikipedia.org/wiki/Screen_Actors_Guild_Award
" This page was last edited on 11 January 2021, at 19:24",Golden Globe Awards,https://en.wikipedia.org/wiki/Golden_Globe_Award
" This page was last edited on 29 December 2020, at 20:37",Taking Chance,https://en.wikipedia.org/wiki/Taking_Chance
" This page was last edited on 14 January 2021, at 00:51",HBO,https://en.wikipedia.org/wiki/HBO
" This page was last edited on 6 January 2021, at 09:16",The Following,https://en.wikipedia.org/wiki/The_Following
" This page was last edited on 17 January 2021, at 20:02",Fox Broadcasting Company,https://en.wikipedia.org/wiki/Fox_Broadcasting_Company
" This page was last edited on 10 November 2020, at 08:18",Main Page,https://en.wikipedia.org/wiki/Main_Page
" This page was last edited on 13 January 2021, at 17:17",WorldCat,https://en.wikipedia.org/wiki/WorldCat_Identities_(identifier)
" This page was last edited on 18 December 2020, at 23:28",Belfast Telegraph,https://en.wikipedia.org/wiki/The_Belfast_Telegraph
" This page was last edited on 4 January 2021, at 21:00",PubMed,https://en.wikipedia.org/wiki/PMID_(identifier)
" This page was last edited on 15 January 2021, at 16:54",Digital photography,https://en.wikipedia.org/wiki/Digital_photo
" This page was last edited on 8 October 2020, at 12:57",List of films shot in Harlem,https://en.wikipedia.org/wiki/List_of_films_shot_in_Harlem
" This page was last edited on 29 December 2020, at 06:17",List of Los Angeles Historic-Cultural Monuments in the Wilshire and Westlake areas,https://en.wikipedia.org/wiki/List_of_Los_Angeles_Historic-Cultural_Monuments_in_the_Wilshire_and_Westlake_areas
